,NOMBRE,region,COORDS_X,COORDS_Y
1,ARAUCAN페 LACUSTRE,LA ARAUCAN페,-71.8656713504576,-39.3224103780935
2,CURAUCAT펥,LA ARAUCAN페,-71.7444095906794,-38.4428822119642
3,LONQUIMAY,LA ARAUCAN페,-71.2426142033852,-38.4806777495208
